{
    "1.0": {
        "Version_Suffix_client": "1358691_cdc3f383ef",
        "Version_Suffix_silence": "1358691_cdc3f383ef"
    },
    "1.1": {
        "Version_Suffix_client": "",
        "Version_Suffix_silence": ""
    },
    "1.2": {
        "Version_Suffix_client": "1816310_cf16f91abf",
        "Version_Suffix_silence": "1847412_b792271859"
    },
    "1.3": {
        "Version_Suffix_client": "2189670_415e19bf37",
        "Version_Suffix_silence": "2088824_487227b3c0"
    },
    "1.4": {
        "Version_Suffix_client": "2396714_52338ab3d4",
        "Version_Suffix_silence": "2396714_52338ab3d4"
    },
    "1.5": {
        "Version_Suffix_client": "2934686_907ecc1dcb",
        "Version_Suffix_silence": "2901119_aae6a5b3eb"
    },
    "1.6": {
        "Version_Suffix_client": "3353303_242157b1de",
        "Version_Suffix_silence": "3266913_b1501b6955"
    },
    "2.0": {
        "Version_Suffix_client": "3832552_4ee4e2079f",
        "Version_Suffix_silence": "3788800_47abc13ddb"
    },
    "2.1": {
        "Version_Suffix_client": "",
        "Version_Suffix_silence": ""
    },
    "2.2": {
        "Version_Suffix_client": "4645171_60d2dd6b16",
        "Version_Suffix_silence": "4645171_60d2dd6b16"
    },
    "2.3": {
        "Version_Suffix_client": "5278928_9487c22876",
        "Version_Suffix_silence": "5082883_023295ee18"
    },
    "2.4": {
        "Version_Suffix_client": "5692577_effa23b6c4",
        "Version_Suffix_silence": "5692577_effa23b6c4"
    },
    "2.5": {
        "Version_Suffix_client": "5999657_297cf077de",
        "Version_Suffix_silence": "6140667_b07232a8dc"
    },
    "2.6": {
        "Version_Suffix_client": "6731353_adfeb8be71",
        "Version_Suffix_silence": "6731353_adfeb8be71"
    },
    "2.7": {
        "Version_Suffix_client": "8227893_b9d91614c6",
        "Version_Suffix_silence": "8227893_b9d91614c6"
    },
    "2.8": {
        "Version_Suffix_client": "8644052_1ce48fca2c",
        "Version_Suffix_silence": "8812249_af39852a33"
    },
    "3.0": {
        "Version_Suffix_client": "10316937_4fcac11e23",
        "Version_Suffix_silence": "10446836_320895326e"
    },
    "3.1": {
        "Version_Suffix_client": "10941477_af48dac880",
        "Version_Suffix_silence": "10805493_3222597d09"
    },
    "3.2": {
        "Version_Suffix_client": "11793813_1bb7eba264",
        "Version_Suffix_silence": "11212885_766b0a2560"
    },
    "3.3": {
        "Version_Suffix_client": "12361027_f6d6187d41",
        "Version_Suffix_silence": "12361027_f6d6187d41"
    },
    "3.4": {
        "Version_Suffix_client": "13021296_8f79734b55",
        "Version_Suffix_silence": "12901190_326dbbbf65"
    },
    "3.5": {
        "Version_Suffix_client": "13948595_cf2075f90d",
        "Version_Suffix_silence": "13586568_39015ed256"
    },
    "3.6": {
        "Version_Suffix_client": "14299294_f267b82a5c",
        "Version_Suffix_silence": "14299294_f267b82a5c"
    },
    "3.7": {
        "Version_Suffix_client": "15063751_b3528827ff",
        "Version_Suffix_silence": "14962190_93562ca9f6"
    }
}